,car_name,yr_mfr,fuel_type,kms_run,city,body_type,transmission,total_owners,original_price,warranty_avail,sale_price
0,7,2012,2,69029,pune,1.0,0.0,3,365029.0,2,364299
1,8,2013,2,45721,gurgaon,0.0,0.0,1,,2,216799
2,9,2013,4,37395,pune,1.0,0.0,1,,2,387399
3,8,2012,2,37652,bengaluru,0.0,0.0,3,,2,364699
4,8,2017,4,53648,lucknow,2.0,1.0,1,1125840.0,2,1082011
5,6,2016,2,55724,bengaluru,2.0,0.0,1,,2,695999
6,8,2010,2,59295,chennai,0.0,0.0,2,286499.0,2,286399
7,7,2014,2,50294,bengaluru,0.0,0.0,1,349654.0,2,283299
8,7,2018,1,54422,new delhi,2.0,0.0,2,,2,346399
9,7,2013,2,116848,bengaluru,0.0,0.0,1,263694.0,2,205299
10,8,2019,2,5450,mumbai,2.0,,1,,2,1211594
11,15,2015,4,85560,faridabad,4.0,0.0,2,717030.0,2,715299
12,7,2015,2,43743,bengaluru,0.0,0.0,2,591000.0,2,499099
13,7,2012,4,72428,new delhi,0.0,0.0,1,278806.0,2,203899
14,8,2014,2,26839,new delhi,0.0,0.0,1,,2,224999
15,16,2009,2,246967,mumbai,3.0,,2,,2,307999
16,8,2008,2,71758,mumbai,0.0,0.0,1,163699.0,2,157399
17,8,2012,2,41632,hyderabad,0.0,1.0,1,466946.0,2,383999
18,9,2015,2,121587,hyderabad,1.0,0.0,1,755875.0,2,620299
19,7,2011,2,26173,ghaziabad,0.0,0.0,2,,2,188399
20,7,2015,4,61537,ahmedabad,,,1,,2,450000
21,7,2010,2,29699,mumbai,0.0,0.0,1,241838.0,2,210099
22,8,2019,2,31118,ahmedabad,2.0,,1,1345100.0,2,1155236
23,8,2008,2,20719,bengaluru,0.0,0.0,1,,2,242299
24,8,2012,2,11420,pune,0.0,0.0,2,,2,270799
25,8,2011,2,82120,hyderabad,0.0,0.0,1,470953.0,2,387899
26,7,2012,4,92029,mumbai,1.0,0.0,2,,2,417399
27,7,2019,2,7723,pune,1.0,0.0,1,,2,651999
28,12,2011,2,50372,mumbai,0.0,0.0,2,305199.0,2,305099
29,15,2014,4,156184,mumbai,2.0,0.0,1,,2,830699
30,7,2013,4,59531,bengaluru,1.0,0.0,1,624990.0,2,504899
31,10,2010,2,9278,bengaluru,0.0,0.0,1,96899.0,2,89099
32,7,2016,4,25881,ahmedabad,2.0,0.0,1,945633.0,2,802199
33,21,2017,4,25491,mumbai,4.0,0.0,2,1390061.0,2,1389758
34,6,2019,2,1222,mumbai,0.0,0.0,1,,2,397799
35,9,2011,2,80062,pune,1.0,1.0,1,399799.0,2,394099
36,7,2017,2,76112,mumbai,0.0,,1,,2,564299
37,7,2017,2,29996,hyderabad,0.0,0.0,2,546299.0,2,546199
38,9,2010,2,49945,new delhi,0.0,0.0,1,327902.0,2,288499
39,7,2017,2,13072,chennai,,,1,364604.0,2,349299
40,9,2018,2,28944,bengaluru,1.0,0.0,1,589410.0,2,570399
41,7,2014,4,162517,mumbai,1.0,0.0,1,,2,541499
42,7,2016,1,81717,new delhi,2.0,,1,300940.0,2,240899
43,8,2013,2,23298,bengaluru,0.0,1.0,1,,2,443099
44,8,2016,4,107150,pune,1.0,1.0,1,,2,694399
45,11,2010,4,82800,pune,0.0,0.0,3,,2,180000
46,8,2011,2,58055,bengaluru,0.0,0.0,1,,2,416299
47,9,2007,2,155004,gurgaon,1.0,0.0,2,,2,141399
48,11,2013,2,63466,bengaluru,2.0,0.0,1,,2,500000
49,8,2012,2,72110,gurgaon,0.0,0.0,2,261335.0,2,237199
50,8,2016,2,14894,bengaluru,0.0,0.0,2,564399.0,2,560999
51,7,2015,2,66221,mumbai,2.0,0.0,1,,2,616799
52,7,2019,2,15028,chennai,2.0,0.0,1,480199.0,2,465599
53,7,2015,2,31796,bengaluru,0.0,0.0,1,467618.0,2,386799
54,16,2013,4,96343,pune,1.0,0.0,2,,2,382799
55,7,2017,2,34470,faridabad,0.0,0.0,2,,2,377299
56,10,2015,4,135250,lucknow,2.0,0.0,2,646493.0,2,626999
57,7,2016,2,27100,bengaluru,0.0,0.0,1,,2,336699
58,7,2015,4,62761,chennai,1.0,0.0,1,676384.0,2,567199
59,7,2016,4,73401,chennai,0.0,0.0,1,631887.0,2,520499
60,8,2007,2,86033,hyderabad,0.0,0.0,2,253599.0,2,249599
61,7,2018,1,8452,mumbai,0.0,0.0,1,487599.0,2,487499
62,7,2014,2,32033,mumbai,0.0,1.0,1,,2,419199
63,16,2017,4,88398,noida,2.0,0.0,2,1576067.0,2,1248358
64,8,2015,4,89930,ghaziabad,1.0,0.0,1,,2,340199
65,7,2012,4,62307,hyderabad,0.0,0.0,1,494834.0,2,410599
66,7,2012,2,83548,lucknow,1.0,0.0,1,408171.0,2,366799
67,7,2014,1,99514,mumbai,2.0,0.0,1,,2,571799
68,10,2018,4,49270,hyderabad,1.0,,1,526650.0,2,438299
69,8,2019,4,13212,new delhi,2.0,,1,1780955.0,2,1447530
70,8,2013,4,51472,bengaluru,0.0,0.0,1,485700.0,2,415699
71,7,2018,1,52539,noida,0.0,0.0,1,402999.0,2,401799
72,7,2007,2,117800,hyderabad,0.0,0.0,2,202470.0,2,182199
73,7,2007,1,110646,ghaziabad,0.0,0.0,2,,2,89000
74,7,2012,2,31540,mumbai,0.0,0.0,1,312699.0,2,312499
75,16,2018,4,61729,ahmedabad,2.0,1.0,1,1494000.0,2,1490758
76,16,2012,4,103935,gurgaon,2.0,0.0,2,707399.0,1,639499
77,8,2007,2,64809,new delhi,0.0,0.0,2,128889.0,2,102499
78,9,2015,2,36119,pune,1.0,1.0,1,726868.0,2,673999
79,11,2008,4,114310,ahmedabad,1.0,0.0,2,,2,111000
80,8,2015,2,43748,bengaluru,0.0,0.0,3,,2,267899
81,10,2017,2,26386,pune,1.0,0.0,2,,2,491499
82,8,2014,2,51206,ahmedabad,0.0,0.0,1,436605.0,2,371899
83,8,2018,4,33080,mumbai,0.0,0.0,1,,2,726099
84,8,2020,2,22747,ahmedabad,1.0,,1,1367805.0,2,1112008
85,7,2013,4,97585,bengaluru,2.0,0.0,1,601726.0,2,595999
86,11,2018,2,20175,ghaziabad,,,1,632784.0,2,509099
87,7,2015,4,78595,noida,1.0,0.0,1,498822.0,2,444499
88,7,2016,2,36179,new delhi,0.0,0.0,1,,2,367999
89,21,2018,4,62683,ahmedabad,4.0,0.0,1,1660812.0,2,1367538
90,7,2010,2,58590,mumbai,1.0,0.0,2,227299.0,2,227099
91,15,2016,2,28640,new delhi,2.0,0.0,1,414418.0,2,328099
92,9,2012,2,30254,mumbai,0.0,0.0,1,,2,302799
93,8,2018,2,14673,gurgaon,0.0,0.0,1,468812.0,2,450399
94,7,2012,2,121979,ahmedabad,1.0,0.0,1,394136.0,2,359899
95,16,2014,4,227391,bengaluru,2.0,0.0,1,1129885.0,2,1129683
96,15,2010,4,132687,ahmedabad,2.0,0.0,1,,2,200000
97,9,2014,2,104666,gurgaon,1.0,0.0,2,,2,493399
98,11,2015,2,110966,new delhi,2.0,0.0,1,571108.0,2,490999
99,7,2010,2,71122,bengaluru,0.0,0.0,2,264146.0,2,234399
100,8,2009,2,68132,pune,0.0,0.0,3,,2,174099
101,7,2015,2,80800,bengaluru,1.0,0.0,3,481299.0,2,481199
102,7,2018,1,9582,mumbai,0.0,0.0,1,,2,465699
103,7,2019,2,22770,pune,2.0,,1,1037500.0,2,1011199
104,7,2012,2,40911,bengaluru,0.0,0.0,2,,2,269599
105,8,2019,2,8781,bengaluru,0.0,,1,813141.0,2,782899
106,7,2012,4,84213,gurgaon,0.0,0.0,1,325179.0,2,324199
107,7,2019,2,5419,ahmedabad,0.0,0.0,1,696866.0,2,574999
108,8,2009,2,85240,pune,0.0,0.0,1,,2,151999
109,9,2010,2,168462,pune,1.0,0.0,1,,2,270099
110,8,2008,2,29650,pune,0.0,0.0,2,157399.0,2,157299
111,7,2012,4,79396,new delhi,1.0,0.0,1,457943.0,2,373799
112,1,2010,2,71080,bengaluru,0.0,0.0,1,,2,237399
113,8,2015,4,70207,bengaluru,1.0,1.0,1,770209.0,2,766599
114,9,2013,4,132070,noida,1.0,0.0,1,,1,250000
115,15,2016,4,62601,ghaziabad,2.0,0.0,1,335608.0,2,333799
116,9,2015,4,110600,pune,1.0,0.0,1,,1,600000
117,8,2012,2,71853,chennai,0.0,0.0,2,371005.0,2,336999
118,8,2014,4,56549,ghaziabad,0.0,0.0,1,423434.0,2,340699
119,8,2015,2,2546,bengaluru,0.0,0.0,1,565746.0,2,563799
120,8,2012,2,170597,new delhi,1.0,0.0,1,221216.0,2,197799
121,7,2013,2,81944,hyderabad,0.0,0.0,1,,2,257299
122,8,2009,1,119627,mumbai,0.0,0.0,2,,2,240899
123,8,2011,2,47989,chennai,0.0,0.0,2,,2,227199
124,8,2015,4,55867,hyderabad,2.0,0.0,1,1103693.0,2,916099
125,16,2010,4,150832,mumbai,2.0,0.0,1,,2,582199
126,6,2016,2,23226,faridabad,0.0,0.0,1,323285.0,2,265699
127,9,2013,2,68016,ghaziabad,1.0,0.0,1,551947.0,2,424499
128,7,2014,4,103397,new delhi,1.0,0.0,1,,2,442899
129,7,2019,1,5715,noida,2.0,0.0,1,414683.0,2,386499
130,8,2009,2,65198,mumbai,0.0,0.0,2,,2,169299
131,15,2015,4,92400,gurgaon,4.0,0.0,2,894267.0,2,858799
132,12,2014,4,82081,new delhi,1.0,0.0,1,393376.0,2,310299
133,7,2015,2,7187,bengaluru,0.0,1.0,1,,2,455899
134,7,2016,1,95404,mumbai,0.0,0.0,1,,2,411599
135,7,2009,2,53231,hyderabad,0.0,0.0,1,,2,275299
136,11,2015,2,52758,noida,2.0,1.0,2,,2,640299
137,7,2012,4,242900,mumbai,2.0,0.0,1,525599.0,2,521099
138,7,2017,2,49405,bengaluru,0.0,1.0,2,688470.0,1,674199
139,7,2014,2,66079,bengaluru,0.0,0.0,1,,2,347099
140,7,2016,2,48395,bengaluru,0.0,1.0,1,,2,461299
141,7,2008,0,69982,chennai,0.0,0.0,1,202699.0,2,193499
142,10,2019,4,46337,chennai,2.0,0.0,1,1952396.0,2,1914453
143,9,2014,4,110899,chennai,1.0,0.0,1,692558.0,2,620199
144,7,2016,2,83735,chennai,0.0,1.0,1,461199.0,2,461099
145,7,2011,2,30640,pune,0.0,0.0,1,,2,266399
146,11,2014,2,29000,mumbai,2.0,0.0,2,,2,464499
147,7,2016,2,36146,hyderabad,0.0,1.0,2,,2,570599
148,9,2010,2,60291,ghaziabad,1.0,1.0,1,,2,270000
149,7,2011,2,76919,new delhi,0.0,0.0,1,280249.0,2,251199
150,11,2012,2,45635,pune,0.0,0.0,1,,2,238099
151,7,2017,4,51514,mumbai,2.0,0.0,1,774238.0,2,668999
152,7,2018,4,72536,chennai,1.0,0.0,1,803731.0,2,674299
153,7,2018,1,84119,hyderabad,0.0,0.0,1,435899.0,2,423899
154,15,2016,4,105691,pune,4.0,,1,1004880.0,2,920999
155,10,2018,2,3399,mumbai,1.0,0.0,1,,2,571199
156,7,2010,2,71422,new delhi,0.0,0.0,2,,2,210099
157,7,2014,2,80728,mumbai,0.0,0.0,1,,2,362899
158,7,2016,2,38114,bengaluru,2.0,0.0,1,392199.0,2,392099
159,9,2009,1,103556,new delhi,1.0,0.0,5,,1,210000
160,8,2017,4,35617,mumbai,3.0,1.0,2,,2,1134935
161,7,2015,2,45865,bengaluru,1.0,0.0,1,437399.0,2,437299
162,7,2008,2,75701,mumbai,0.0,0.0,2,,2,180599
163,7,2018,4,57069,new delhi,2.0,,1,,2,769599
164,7,2011,2,126386,bengaluru,0.0,0.0,1,,2,326599
165,19,2012,4,53597,new delhi,3.0,,2,,2,1047570
166,11,2010,4,128317,pune,0.0,0.0,2,,2,187099
167,7,2018,2,57889,bengaluru,0.0,1.0,1,,2,691299
168,15,2019,4,16746,mumbai,2.0,,1,,2,1154428
169,7,2014,2,48657,bengaluru,0.0,0.0,1,,2,272899
170,7,2011,1,72151,mumbai,0.0,0.0,2,,2,253799
171,16,2010,2,85763,mumbai,3.0,,3,,2,287299
172,22,2012,4,29177,faridabad,3.0,1.0,1,1193834.0,2,1184223
173,7,2009,2,54904,hyderabad,0.0,0.0,1,,2,185599
174,12,2016,2,43771,pune,1.0,0.0,1,461788.0,2,460099
175,7,2016,2,111279,new delhi,0.0,0.0,1,,1,295000
176,7,2016,4,52520,new delhi,2.0,0.0,2,752415.0,2,595999
177,7,2017,4,59023,new delhi,2.0,0.0,2,630266.0,2,604999
178,7,2015,2,41516,new delhi,1.0,,1,457099.0,2,448399
179,8,2014,2,51147,ghaziabad,1.0,0.0,1,,2,375000
180,12,2015,2,35743,bengaluru,0.0,1.0,1,815539.0,2,622599
181,12,2012,4,52977,chennai,1.0,0.0,2,,2,367799
182,7,2020,2,7449,ahmedabad,2.0,0.0,1,582196.0,2,472799
183,7,2011,2,39325,new delhi,0.0,0.0,1,290099.0,2,286099
184,7,2018,2,3330,bengaluru,1.0,,1,845000.0,2,839099
185,15,2016,4,60135,bengaluru,2.0,1.0,2,696423.0,2,671999
186,7,2014,2,22656,bengaluru,0.0,0.0,1,414354.0,2,306999
187,9,2012,2,110108,new delhi,0.0,0.0,1,,2,331799
188,16,2018,4,52726,mumbai,2.0,1.0,1,2041889.0,2,1972932
189,7,2014,2,55269,pune,0.0,0.0,1,244004.0,2,241499
190,7,2012,2,56269,pune,1.0,0.0,1,,2,408899
191,6,2013,4,109600,ahmedabad,2.0,0.0,1,,2,413499
192,8,2012,2,62165,ahmedabad,0.0,0.0,2,391171.0,2,312699
193,19,2009,2,58102,bengaluru,3.0,0.0,2,,2,554499
194,9,2014,4,82735,hyderabad,1.0,0.0,1,597990.0,2,524699
195,7,2019,2,30598,hyderabad,0.0,,1,441399.0,2,441299
196,7,2012,2,35190,chennai,0.0,0.0,2,269520.0,2,212999
197,7,2014,4,82140,new delhi,1.0,0.0,2,,2,374799
198,7,2018,2,6193,bengaluru,0.0,,1,502782.0,2,409199
199,7,2008,2,48435,hyderabad,0.0,,2,247699.0,2,246199
200,7,2013,4,30011,bengaluru,1.0,0.0,1,656834.0,1,517499
201,12,2013,2,68210,mumbai,1.0,1.0,1,,2,401000
202,9,2019,2,21863,ahmedabad,1.0,,1,751634.0,2,625799
203,7,2018,4,55960,bengaluru,2.0,0.0,1,803015.0,2,788399
204,7,2014,1,82605,pune,0.0,0.0,2,,2,244499
205,6,2018,2,24872,chennai,0.0,0.0,1,432704.0,2,364899
206,8,2008,2,78054,hyderabad,0.0,0.0,1,284119.0,2,235999
207,7,2014,1,39790,pune,2.0,0.0,1,,2,371599
208,7,2014,2,241014,ghaziabad,1.0,0.0,1,410325.0,2,315299
209,8,2020,2,2259,bengaluru,0.0,,1,,2,766099
210,6,2018,2,21973,ahmedabad,0.0,0.0,1,390904.0,2,325299
211,8,2014,2,39007,ahmedabad,0.0,0.0,1,499745.0,2,432099
212,7,2009,2,90418,new delhi,1.0,0.0,1,246394.0,2,209599
213,12,2017,4,49616,chennai,1.0,1.0,1,927427.0,2,773199
214,7,2018,4,44813,ahmedabad,2.0,0.0,1,996189.0,2,803399
215,8,2015,2,10520,bengaluru,0.0,0.0,1,557838.0,2,557099
216,8,2012,2,66327,ahmedabad,0.0,0.0,1,,2,196999
217,7,2018,2,9861,bengaluru,0.0,,1,437099.0,2,436999
218,7,2009,2,58959,bengaluru,0.0,0.0,2,201999.0,2,201899
219,7,2019,2,5115,noida,1.0,0.0,1,638936.0,2,625199
220,5,2014,4,64628,faridabad,2.0,0.0,1,,2,500000
221,7,2019,2,27799,ahmedabad,0.0,0.0,1,401089.0,2,338099
222,12,2016,2,95987,hyderabad,0.0,0.0,1,552699.0,2,552599
223,9,2014,2,72201,new delhi,1.0,0.0,1,443004.0,2,371499
224,7,2010,2,56095,bengaluru,0.0,0.0,1,,2,240599
225,8,2017,2,10754,pune,0.0,0.0,1,644322.0,2,637399
226,8,2017,2,71494,new delhi,0.0,0.0,1,406310.0,2,386599
227,7,2018,1,52420,new delhi,2.0,0.0,1,,1,380000
228,8,2012,4,138000,gurgaon,0.0,0.0,1,,2,264199
229,8,2009,2,101931,hyderabad,0.0,0.0,2,224399.0,2,221899
230,6,2016,2,57111,new delhi,0.0,0.0,1,,2,251299
231,9,2017,2,23780,mumbai,2.0,0.0,1,742945.0,2,723199
232,7,2014,4,116278,bengaluru,2.0,0.0,2,614585.0,2,593599
233,7,2011,2,74518,new delhi,0.0,0.0,1,,2,218899
234,9,2016,4,40746,mumbai,2.0,0.0,1,,2,775000
235,8,2013,2,57900,new delhi,0.0,0.0,1,330499.0,2,324199
236,9,2013,2,91004,mumbai,1.0,0.0,1,,2,380699
237,8,2018,2,11962,hyderabad,0.0,0.0,1,807864.0,2,659499
238,7,2013,2,41967,bengaluru,0.0,0.0,3,,2,249299
239,16,2008,4,182406,pune,2.0,0.0,2,,2,391999
240,16,2011,2,156589,new delhi,1.0,0.0,1,210599.0,2,207499
241,7,2018,2,3783,mumbai,2.0,,1,906001.0,2,882599
242,7,2020,2,6679,noida,0.0,0.0,1,813742.0,2,622999
243,12,2016,2,17430,bengaluru,0.0,1.0,2,773830.0,2,772499
244,7,2015,2,12593,bengaluru,0.0,,2,,2,394199
245,8,2015,2,91984,hyderabad,1.0,0.0,1,489584.0,2,421099
246,16,2013,4,287219,gurgaon,2.0,0.0,1,,2,676699
247,7,2012,2,64259,hyderabad,0.0,0.0,1,304510.0,2,252199
248,8,2011,2,62904,bengaluru,0.0,0.0,1,,2,387599
249,7,2011,2,68153,bengaluru,0.0,0.0,2,,2,241799
250,7,2012,1,47729,mumbai,0.0,0.0,1,,2,289699
251,8,2011,2,18974,mumbai,0.0,0.0,1,,2,359199
252,8,2011,2,123568,pune,0.0,0.0,2,,2,290699
253,8,2018,2,1827,mumbai,1.0,1.0,1,1187354.0,2,1182304
254,7,2015,2,30242,pune,0.0,0.0,1,263010.0,2,257499
255,7,2008,1,64425,pune,0.0,0.0,2,,2,199999
256,8,2016,2,2751,mumbai,0.0,0.0,1,477138.0,2,469999
257,9,2012,2,59949,mumbai,0.0,0.0,2,336599.0,2,335099
258,8,2013,2,25052,ahmedabad,0.0,0.0,1,250687.0,2,238299
259,7,2010,1,34181,ghaziabad,0.0,0.0,1,,2,199199
260,7,2010,4,160205,pune,1.0,0.0,2,309311.0,2,280799
261,7,2017,4,110111,new delhi,1.0,0.0,1,,2,467399
262,8,2015,2,58570,mumbai,0.0,0.0,1,,2,396499
263,8,2013,2,115427,chennai,0.0,0.0,1,347910.0,2,292799
264,7,2007,2,149025,ghaziabad,0.0,0.0,4,,2,81000
265,7,2009,2,62353,bengaluru,0.0,0.0,3,,2,199299
266,8,2013,4,69046,new delhi,0.0,0.0,1,,2,378299
267,7,2013,2,44431,bengaluru,0.0,0.0,2,,2,481699
268,8,2014,2,29094,hyderabad,0.0,0.0,1,557425.0,2,490799
269,13,2012,4,81154,bengaluru,1.0,0.0,1,,2,457799
270,8,2012,2,10253,mumbai,1.0,1.0,2,,2,374799
271,16,2008,2,222344,mumbai,3.0,,2,,2,228699
272,7,2016,2,32339,new delhi,0.0,0.0,1,358742.0,2,277099
273,7,2014,2,30338,mumbai,0.0,0.0,1,,2,362699
274,8,2019,2,22647,mumbai,1.0,0.0,1,826713.0,2,822899
275,7,2018,4,12608,bengaluru,2.0,0.0,1,1049638.0,2,855999
276,7,2015,4,92086,new delhi,0.0,0.0,1,423780.0,2,419699
277,8,2006,1,106500,new delhi,0.0,0.0,1,,2,70000
278,24,2019,4,37965,mumbai,,,1,,2,1826684
279,7,2017,2,5359,ahmedabad,0.0,0.0,1,,2,270000
280,7,2015,4,64085,bengaluru,2.0,0.0,1,694872.0,2,680199
281,7,2015,1,19570,mumbai,0.0,,1,,2,374199
282,8,2015,4,58003,new delhi,2.0,,1,1017337.0,2,841699
283,7,2018,2,13638,bengaluru,0.0,0.0,1,647220.0,2,541799
284,7,2009,2,72623,mumbai,0.0,0.0,1,,2,180699
285,7,2012,4,94644,new delhi,1.0,0.0,1,392440.0,2,333299
286,9,2009,2,215809,ghaziabad,0.0,0.0,1,257953.0,2,202799
287,7,2011,1,114593,hyderabad,0.0,0.0,2,,1,235299
288,11,2004,2,28484,new delhi,1.0,0.0,2,,2,50000
289,11,2008,2,155454,bengaluru,1.0,0.0,1,,2,242499
290,7,2015,2,31048,mumbai,2.0,0.0,1,668154.0,2,660199
291,13,2010,2,106039,hyderabad,3.0,0.0,1,506399.0,2,506299
292,7,2014,2,43981,bengaluru,1.0,0.0,1,524741.0,2,517199
293,2,2017,2,5994,mumbai,0.0,0.0,1,,2,393499
294,7,2014,2,52108,chennai,0.0,1.0,1,385278.0,2,380199
295,7,2015,2,100330,noida,1.0,0.0,1,694062.0,2,537599
296,7,2014,2,87237,ghaziabad,0.0,0.0,1,273978.0,2,200399
297,7,2013,2,29454,bengaluru,0.0,0.0,2,253099.0,2,252999
298,7,2017,4,51203,pune,2.0,0.0,1,775344.0,2,768199
299,7,2017,4,150584,ahmedabad,2.0,0.0,1,909885.0,2,731399
300,8,2010,2,87770,new delhi,0.0,0.0,1,,2,199699
301,7,2012,4,95000,ahmedabad,,,2,,2,260000
302,7,2018,1,150635,ahmedabad,2.0,0.0,1,886187.0,2,740799
303,7,2009,2,74034,pune,0.0,0.0,2,252999.0,2,246999
304,9,2011,2,640251,noida,1.0,1.0,2,,2,346299
305,7,2012,2,49323,mumbai,0.0,0.0,1,182199.0,2,182099
306,15,2019,4,28580,ahmedabad,4.0,,1,1284150.0,2,1125744
307,9,2010,2,119260,pune,1.0,,1,,2,247099
308,9,2016,4,58682,new delhi,,,1,,2,500000
309,7,2017,2,19792,pune,0.0,0.0,1,559123.0,2,545999
310,7,2014,2,53916,bengaluru,0.0,1.0,2,,2,398299
311,7,2017,1,51063,mumbai,0.0,0.0,1,409399.0,2,409299
312,6,2013,4,79962,noida,2.0,0.0,1,458415.0,2,365099
313,8,2018,2,35859,chennai,1.0,0.0,1,1145387.0,2,973399
314,7,2014,2,55075,faridabad,0.0,0.0,1,359488.0,1,269099
315,7,2010,2,63843,new delhi,0.0,0.0,3,202287.0,2,180699
316,7,2009,2,89307,hyderabad,0.0,0.0,1,,2,173699
317,7,2017,2,53935,ahmedabad,1.0,0.0,1,700124.0,2,548599
318,12,2015,2,22078,pune,1.0,,2,,2,567599
319,7,2017,2,4347,new delhi,0.0,0.0,2,,2,500000
320,9,2013,2,44622,mumbai,0.0,0.0,1,289899.0,2,289799
321,7,2020,2,5076,ahmedabad,2.0,0.0,1,592061.0,2,481099
322,9,2013,2,20924,mumbai,1.0,0.0,1,429905.0,2,411499
323,11,2013,4,111690,noida,2.0,0.0,1,449580.0,2,384299
324,11,2014,2,37000,bengaluru,0.0,,2,,2,375000
325,7,2007,1,100178,pune,1.0,0.0,4,,2,100000
326,7,2008,2,117930,new delhi,1.0,0.0,1,,2,163199
327,8,2009,2,111095,new delhi,0.0,0.0,1,195544.0,2,187099
328,12,2016,2,96726,bengaluru,1.0,1.0,1,627571.0,2,623899
329,8,2008,1,102602,new delhi,1.0,0.0,2,,1,150000
330,7,2016,2,70380,ahmedabad,0.0,0.0,1,296092.0,2,259599
331,9,2013,2,68916,mumbai,0.0,0.0,1,,2,338699
332,7,2012,1,80909,new delhi,0.0,0.0,2,,1,174000
333,7,2010,4,103406,new delhi,0.0,0.0,1,,2,152000
334,7,2019,2,19564,chennai,0.0,0.0,1,578199.0,2,567099
335,6,2019,2,16685,ghaziabad,0.0,0.0,1,504069.0,2,386599
336,7,2008,2,90892,pune,0.0,0.0,4,,2,70000
337,9,2010,2,86559,bengaluru,1.0,0.0,2,,2,431499
338,8,2013,2,68242,mumbai,1.0,0.0,3,407106.0,2,367699
339,9,2014,2,67597,bengaluru,1.0,0.0,2,,2,631699
340,8,2012,4,115457,ghaziabad,1.0,0.0,1,416990.0,2,356599
341,7,2018,4,52996,mumbai,1.0,0.0,1,709699.0,2,709499
342,7,2013,4,115820,new delhi,2.0,0.0,1,466648.0,2,456899
343,8,2018,4,40049,new delhi,2.0,,1,913275.0,2,878999
344,8,2014,2,39756,pune,1.0,0.0,2,,2,483899
345,7,2015,4,71640,hyderabad,0.0,0.0,1,,2,536399
346,8,2014,2,31287,bengaluru,0.0,0.0,3,,2,286499
347,7,2016,2,47833,hyderabad,0.0,,2,,2,351199
348,7,2011,2,55810,new delhi,0.0,0.0,2,251251.0,2,206999
349,7,2017,2,38079,mumbai,0.0,0.0,2,,2,334299
350,7,2014,2,83300,ahmedabad,0.0,0.0,1,489557.0,2,394499
351,1,2010,2,98553,bengaluru,0.0,0.0,1,,2,224699
352,15,2015,4,113208,new delhi,4.0,0.0,1,,2,918099
353,8,2014,4,95243,mumbai,0.0,0.0,1,,2,526999
354,8,2010,2,87265,mumbai,0.0,0.0,1,,2,268299
355,1,2006,1,63992,ahmedabad,0.0,0.0,2,,2,80000
356,7,2011,2,35039,hyderabad,0.0,0.0,1,238699.0,2,238599
357,7,2012,2,53558,mumbai,0.0,0.0,1,279699.0,2,279599
358,16,2011,2,36419,mumbai,0.0,0.0,2,,2,257399
359,7,2015,2,67455,bengaluru,,,1,,2,280099
360,7,2014,2,53935,lucknow,1.0,0.0,1,,2,411099
361,16,2015,2,60954,chennai,0.0,0.0,1,514583.0,2,435099
362,7,2019,4,65709,chennai,1.0,0.0,1,698399.0,2,691699
363,7,2012,4,123846,new delhi,0.0,0.0,1,,2,327799
364,7,2018,4,27623,chennai,0.0,0.0,1,748708.0,2,658899
365,9,2017,2,57969,ahmedabad,1.0,0.0,1,977696.0,2,790299
366,12,2015,2,24134,mumbai,0.0,1.0,1,558500.0,2,555899
367,8,2019,2,28932,mumbai,2.0,,1,1111861.0,2,1071103
368,8,2015,2,82350,ahmedabad,0.0,0.0,2,292888.0,2,260299
369,15,2016,3,58133,bengaluru,0.0,0.0,1,,2,350000
370,7,2011,2,36503,chennai,0.0,0.0,2,,2,290699
371,12,2011,4,73715,mumbai,3.0,1.0,1,,2,582899
372,9,2012,2,87615,hyderabad,1.0,0.0,1,,2,478299
373,16,2016,2,40705,mumbai,3.0,1.0,1,,2,1122108
374,16,2011,2,55925,bengaluru,3.0,,4,405864.0,2,401099
375,7,2016,2,34151,chennai,0.0,0.0,2,,2,311399
376,7,2016,4,71468,ghaziabad,2.0,0.0,1,801733.0,2,623799
377,7,2016,4,28987,hyderabad,2.0,0.0,1,805180.0,2,777299
378,7,2009,2,107840,pune,0.0,0.0,1,,2,184699
379,7,2014,2,30411,mumbai,1.0,0.0,2,,2,460899
380,8,2020,2,379,hyderabad,0.0,,1,692940.0,2,680899
381,6,2019,2,14779,bengaluru,2.0,1.0,2,948387.0,2,936699
382,7,2017,2,62516,hyderabad,0.0,0.0,1,755490.0,2,614099
383,8,2011,2,66622,new delhi,0.0,0.0,1,197299.0,2,189499
384,7,2012,4,51209,mumbai,2.0,0.0,1,,2,590899
385,7,2016,4,82420,bengaluru,2.0,0.0,1,,2,756099
386,8,2012,4,88815,bengaluru,1.0,0.0,5,,2,413899
387,7,2009,1,70095,new delhi,0.0,0.0,2,,1,170000
388,7,2018,2,49072,ahmedabad,1.0,0.0,1,804000.0,2,690699
389,7,2020,2,3822,ahmedabad,2.0,0.0,1,583234.0,2,476499
390,10,2017,2,33205,bengaluru,0.0,0.0,1,498449.0,2,489599
391,8,2013,2,63162,bengaluru,0.0,0.0,1,,2,306000
392,7,2019,2,8940,chennai,0.0,0.0,1,666372.0,2,575099
393,11,2013,2,48861,chennai,2.0,0.0,1,552340.0,2,474499
394,8,2015,4,106123,new delhi,0.0,0.0,1,494399.0,2,480399
395,7,2012,4,113073,gurgaon,0.0,0.0,1,350206.0,2,291999
396,8,2014,2,9571,mumbai,1.0,0.0,1,,2,460899
397,7,2018,2,6662,ahmedabad,0.0,0.0,1,405107.0,2,343299
398,7,2012,4,95321,gurgaon,0.0,0.0,1,441977.0,2,324599
399,7,2018,4,82508,mumbai,2.0,0.0,1,931255.0,2,884399
400,7,2018,2,14275,bengaluru,0.0,0.0,1,405541.0,2,304399
401,6,2016,4,85369,gurgaon,2.0,1.0,1,604142.0,1,522599
402,7,2015,4,171277,hyderabad,0.0,0.0,1,630380.0,2,511499
403,8,2008,0,84985,hyderabad,0.0,0.0,1,,2,166199
404,8,2017,2,14965,chennai,0.0,0.0,1,605424.0,2,533399
405,7,2014,4,88835,new delhi,1.0,0.0,1,447072.0,2,354099
406,10,2014,2,9392,pune,0.0,1.0,1,,2,187599
407,12,2014,4,107465,noida,0.0,0.0,1,486453.0,2,366399
408,8,2017,2,38526,hyderabad,0.0,0.0,2,752839.0,2,623899
409,7,2010,2,72363,new delhi,0.0,0.0,1,,2,202899
410,18,2011,4,90696,pune,3.0,1.0,2,,2,694299
411,19,2014,2,23856,mumbai,3.0,,2,1381500.0,2,1335521
412,7,2017,4,76040,chennai,1.0,1.0,1,788490.0,2,707799
413,10,2019,4,20995,mumbai,2.0,,1,1001500.0,2,973899
414,6,2015,2,23144,hyderabad,0.0,0.0,1,,2,286899
415,5,2015,2,79035,bengaluru,0.0,1.0,1,,2,384699
416,9,2017,2,54562,chennai,2.0,1.0,1,808812.0,2,806099
417,11,2017,2,18510,mumbai,2.0,0.0,1,611701.0,2,606699
418,8,2013,2,22201,bengaluru,0.0,1.0,1,,2,469299
419,6,2017,4,46220,pune,2.0,1.0,1,,2,887499
420,22,2012,4,113771,gurgaon,4.0,1.0,1,,2,1119381
421,8,2016,2,41357,gurgaon,0.0,0.0,1,447283.0,2,352299
422,16,2010,4,233928,mumbai,2.0,0.0,2,,2,536199
423,7,2014,2,23233,hyderabad,0.0,0.0,2,410658.0,2,357399
424,7,2012,2,71968,bengaluru,0.0,0.0,2,310558.0,2,298599
425,8,2008,2,85606,bengaluru,0.0,1.0,1,,2,304599
426,15,2015,4,74825,new delhi,2.0,0.0,1,,2,490000
427,5,2011,2,48380,mumbai,0.0,0.0,2,,2,199699
428,7,2013,2,9676,bengaluru,0.0,0.0,1,,2,299599
429,7,2010,2,57695,hyderabad,0.0,0.0,2,,2,205199
430,7,2010,2,19432,mumbai,0.0,0.0,1,,2,241199
431,7,2010,2,46021,bengaluru,0.0,0.0,2,246799.0,2,246699
432,9,2014,4,90426,new delhi,1.0,0.0,1,593700.0,2,523899
433,12,2015,2,58384,bengaluru,0.0,0.0,2,,2,531899
434,5,2013,2,46281,chennai,0.0,0.0,2,293599.0,2,283099
435,7,2017,2,29115,hyderabad,1.0,0.0,1,,2,664399
436,8,2015,2,36995,hyderabad,0.0,0.0,1,,2,297799
437,7,2017,4,80193,gurgaon,0.0,0.0,1,616621.0,2,581099
438,8,2015,4,78599,pune,2.0,1.0,2,961500.0,2,959399
439,15,2013,4,85256,noida,2.0,0.0,1,494013.0,2,378999
440,7,2007,2,33538,bengaluru,0.0,0.0,1,,2,189599
441,9,2014,2,100187,new delhi,1.0,0.0,2,,2,400099
442,9,2014,4,101866,pune,1.0,0.0,2,,2,531399
443,8,2014,2,50672,lucknow,1.0,0.0,2,461640.0,2,358799
444,7,2015,4,74575,chennai,1.0,0.0,1,624317.0,2,536099
445,12,2015,2,84281,mumbai,0.0,0.0,1,,2,421499
446,7,2014,2,43955,bengaluru,0.0,0.0,1,460995.0,2,387199
447,7,2015,4,72955,ahmedabad,0.0,0.0,2,,2,390000
448,7,2018,2,47051,ahmedabad,1.0,0.0,1,804676.0,2,664599
449,7,2009,4,170681,bengaluru,0.0,0.0,1,,2,313799
450,8,2012,4,109303,new delhi,1.0,0.0,1,430465.0,2,358399
451,7,2014,2,113481,mumbai,0.0,0.0,1,,2,383599
452,7,2013,4,54021,mumbai,2.0,0.0,1,,2,645099
453,7,2019,1,45317,ahmedabad,2.0,0.0,1,454500.0,2,452399
454,11,2011,2,26569,hyderabad,0.0,0.0,1,288405.0,2,263199
455,7,2018,2,30904,new delhi,1.0,,1,869914.0,2,828499
456,7,2018,1,53156,new delhi,0.0,,1,317008.0,2,302099
457,7,2019,2,12583,bengaluru,0.0,0.0,1,704552.0,2,695599
458,11,2015,2,61188,mumbai,2.0,1.0,1,,2,607999
459,8,2009,2,101199,new delhi,0.0,0.0,1,,2,179199
460,8,2009,2,37982,new delhi,0.0,0.0,2,,2,197099
461,7,2014,2,56469,new delhi,1.0,0.0,1,501373.0,2,479999
462,8,2019,2,11855,chennai,0.0,,2,628399.0,2,628299
463,7,2014,2,12720,chennai,0.0,0.0,1,599520.0,2,510899
464,7,2009,2,76508,gurgaon,0.0,0.0,4,,2,195059
465,8,2017,2,14538,ahmedabad,0.0,0.0,1,562151.0,2,478299
466,10,2010,2,53390,ghaziabad,0.0,0.0,2,,2,35000
467,7,2015,2,57036,bengaluru,0.0,0.0,1,492678.0,2,485399
468,7,2017,2,43072,new delhi,0.0,0.0,2,,2,270000
469,9,2020,2,9344,noida,1.0,0.0,1,841107.0,2,685399
470,6,2019,2,7343,bengaluru,0.0,0.0,1,400799.0,2,400699
471,11,2020,4,11371,hyderabad,2.0,0.0,1,1191000.0,2,981199
472,12,2014,2,56316,mumbai,0.0,0.0,1,420299.0,2,420099
473,10,2012,4,107319,pune,1.0,0.0,1,,2,256499
474,11,2017,4,52212,gurgaon,2.0,,1,696000.0,2,692899
475,9,2017,2,37386,mumbai,2.0,0.0,1,,2,727299
476,7,2011,1,109283,ghaziabad,0.0,0.0,1,277763.0,2,274299
477,9,2017,2,89362,hyderabad,1.0,1.0,1,953649.0,2,921799
478,7,2012,2,37135,pune,0.0,0.0,1,,2,295599
479,8,2016,2,22884,ahmedabad,1.0,0.0,1,763539.0,2,618799
480,7,2017,4,43634,hyderabad,2.0,0.0,1,839767.0,2,811699
481,8,2018,4,72527,bengaluru,4.0,1.0,2,1711500.0,2,1651146
482,12,2010,2,42795,pune,0.0,0.0,1,,2,285599
483,9,2014,2,46348,bengaluru,1.0,0.0,1,410500.0,2,408899
484,19,2012,2,98842,mumbai,3.0,0.0,2,,2,1139985
485,8,2016,2,95260,pune,0.0,0.0,1,466112.0,2,453799
486,7,2012,2,28610,bengaluru,0.0,0.0,1,256499.0,2,256399
487,7,2016,2,41120,chennai,0.0,0.0,2,302199.0,2,302099
488,7,2014,4,81540,hyderabad,1.0,0.0,1,643202.0,2,547899
489,10,2016,4,46455,new delhi,1.0,0.0,1,,2,300000
490,7,2013,4,70687,new delhi,0.0,0.0,1,,2,285299
491,7,2011,2,33717,faridabad,0.0,0.0,1,259017.0,2,200799
492,7,2018,1,92405,ahmedabad,2.0,0.0,1,496581.0,2,422299
493,8,2013,2,59555,bengaluru,0.0,1.0,2,454639.0,2,370299
494,7,2014,2,101361,pune,0.0,0.0,2,,2,367399
495,7,2014,2,62642,bengaluru,0.0,0.0,1,,2,410099
496,9,2017,2,52028,new delhi,1.0,0.0,1,,2,850000
497,8,2015,2,26270,ghaziabad,0.0,0.0,1,,2,263999
498,12,2012,2,56032,new delhi,0.0,0.0,2,,2,295299
499,7,2017,4,113808,pune,2.0,0.0,1,708049.0,2,662399
500,8,2015,2,15839,bengaluru,0.0,0.0,1,,2,504799
501,25,2014,4,2288,gurgaon,3.0,1.0,1,,2,3866000
502,5,2014,4,22411,chennai,1.0,0.0,1,488199.0,2,478899
503,8,2010,2,84850,new delhi,0.0,0.0,1,,2,216999
504,7,2020,2,6942,ahmedabad,0.0,0.0,1,368626.0,2,363499
505,6,2015,2,32671,chennai,0.0,0.0,1,345648.0,2,288699
506,8,2015,2,41688,bengaluru,0.0,0.0,1,,2,401999
507,7,2019,2,25469,new delhi,2.0,,1,891500.0,2,874799
508,11,2013,4,90309,ghaziabad,2.0,0.0,3,449173.0,2,383699
509,7,2015,2,5972,mumbai,0.0,0.0,1,377999.0,2,377899
510,9,2016,2,43240,mumbai,1.0,0.0,1,441793.0,2,435599
511,7,2012,2,112871,hyderabad,1.0,0.0,1,472595.0,2,417799
512,12,2019,2,47782,ahmedabad,1.0,,1,544551.0,2,430399
513,8,2015,2,37023,new delhi,0.0,0.0,1,511599.0,2,507799
514,16,2013,4,205697,noida,4.0,0.0,1,1115009.0,2,1105948
515,7,2017,2,23023,bengaluru,0.0,,2,,2,361899
516,9,2015,4,136775,noida,1.0,0.0,1,365626.0,2,291999
517,9,2015,2,72343,mumbai,1.0,0.0,1,376899.0,2,376799
518,8,2011,2,58202,pune,0.0,0.0,2,346499.0,2,337399
519,6,2013,4,81382,mumbai,2.0,0.0,1,476999.0,2,476899
520,7,2015,2,62928,ahmedabad,2.0,0.0,1,669760.0,2,531499
521,7,2012,2,70522,new delhi,0.0,0.0,1,,2,407299
522,8,2010,2,88895,new delhi,0.0,0.0,1,,2,175199
523,8,2015,2,36307,new delhi,0.0,0.0,1,701302.0,2,552599
524,2,2016,2,36414,hyderabad,0.0,0.0,1,,2,200000
525,7,2016,2,16491,mumbai,0.0,1.0,1,721873.0,2,669799
526,8,2010,2,90062,bengaluru,0.0,0.0,1,,2,373299
527,8,2012,2,25375,mumbai,1.0,0.0,1,,2,376799
528,8,2016,4,28787,mumbai,2.0,0.0,1,1059768.0,2,1021411
529,8,2012,2,47840,chennai,0.0,1.0,2,,2,379999
530,7,2008,2,143363,new delhi,1.0,0.0,1,157799.0,2,156899
531,7,2012,2,81759,hyderabad,0.0,0.0,2,239642.0,2,218999
532,11,2019,2,29962,mumbai,2.0,0.0,1,,2,855199
533,7,2010,2,61156,bengaluru,0.0,0.0,1,,2,362699
534,8,2015,4,94412,chennai,2.0,1.0,1,918440.0,2,812499
535,8,2008,2,53131,hyderabad,0.0,0.0,2,,2,205799
536,8,2011,2,35533,hyderabad,0.0,0.0,1,363871.0,2,317399
537,7,2011,2,77761,mumbai,1.0,0.0,2,,2,233699
538,22,2013,4,94895,ghaziabad,3.0,1.0,3,1231133.0,2,1063528
539,9,2008,2,113515,new delhi,1.0,1.0,1,,2,80000
540,8,2012,2,83304,bengaluru,0.0,0.0,1,405199.0,2,405099
541,7,2016,2,45170,bengaluru,0.0,0.0,1,485033.0,2,385499
542,7,2012,2,63009,bengaluru,0.0,0.0,1,,2,470799
543,10,2018,4,24707,ahmedabad,2.0,1.0,1,1417249.0,2,1189172
544,9,2014,4,122250,ghaziabad,1.0,0.0,2,,1,400000
545,7,2015,2,39094,pune,0.0,0.0,2,383299.0,2,383199
546,16,2014,4,80584,noida,2.0,0.0,1,778737.0,2,668299
547,8,2018,4,18794,chennai,2.0,,2,,2,880799
548,7,2015,2,37429,mumbai,1.0,0.0,1,,2,520499
549,7,2013,4,85864,hyderabad,1.0,0.0,2,,2,524399
550,7,2019,4,39910,mumbai,2.0,1.0,2,928699.0,2,928599
551,7,2010,2,47861,new delhi,0.0,0.0,1,,2,264499
552,6,2016,2,14773,bengaluru,0.0,0.0,1,,2,381599
553,9,2014,2,66724,mumbai,1.0,0.0,1,530199.0,2,529899
554,16,2011,1,82523,new delhi,1.0,0.0,2,283741.0,2,252499
555,8,2016,2,27015,hyderabad,0.0,0.0,1,596854.0,2,492199
556,10,2017,2,8280,bengaluru,0.0,0.0,1,,2,542499
557,16,2012,4,300672,mumbai,2.0,0.0,1,,2,540000
558,7,2014,2,73364,new delhi,2.0,0.0,1,609501.0,2,523499
559,8,2016,2,32496,chennai,0.0,1.0,1,576770.0,2,492399
560,8,2008,2,119960,pune,0.0,0.0,2,,2,199299
561,8,2013,0,64318,hyderabad,0.0,0.0,2,359196.0,2,302499
562,8,2010,2,21013,new delhi,0.0,0.0,1,,2,244699
563,13,2011,2,62555,mumbai,3.0,0.0,1,,2,252799
564,12,2010,2,42013,mumbai,1.0,0.0,1,250847.0,2,248999
565,12,2012,2,100609,mumbai,1.0,0.0,1,301299.0,2,301199
566,8,2008,2,82148,pune,0.0,0.0,3,,2,199899
567,16,2014,2,47920,new delhi,1.0,0.0,1,,2,357399
568,10,2018,2,16534,pune,0.0,0.0,1,,2,472599
569,1,2013,4,45258,bengaluru,0.0,0.0,1,,2,259099
570,8,2013,2,50232,pune,0.0,0.0,1,,2,424299
571,11,2016,4,121507,ghaziabad,2.0,0.0,1,,2,503199
572,7,2018,2,41350,bengaluru,0.0,0.0,1,602500.0,2,592499
573,7,2010,2,44505,gurgaon,1.0,0.0,1,313948.0,2,268799
574,12,2015,4,133949,pune,0.0,0.0,1,404199.0,2,403499
575,7,2019,2,4792,ghaziabad,,,1,483347.0,2,473799
576,9,2010,2,93671,pune,1.0,1.0,2,,2,332899
577,9,2007,2,98787,hyderabad,1.0,0.0,2,251999.0,2,251899
578,9,2014,4,122226,hyderabad,1.0,0.0,1,,2,590000
579,8,2018,4,30872,mumbai,2.0,,1,1467528.0,2,1449045
580,9,2014,2,75156,mumbai,1.0,0.0,1,,2,389899
581,7,2015,2,27767,mumbai,0.0,0.0,1,323299.0,2,323099
582,7,2012,2,81861,faridabad,0.0,0.0,1,248776.0,2,186999
583,8,2013,4,41999,new delhi,0.0,0.0,1,438529.0,1,341999
584,7,2013,4,129364,gurgaon,1.0,0.0,1,,2,344799
585,8,2013,2,76084,new delhi,0.0,0.0,1,313158.0,2,312199
586,9,2012,2,99219,new delhi,1.0,0.0,2,365299.0,2,351499
587,13,2012,2,76434,mumbai,3.0,0.0,2,,2,351399
588,7,2009,2,191532,new delhi,1.0,0.0,1,,2,186299
589,7,2013,1,227458,pune,0.0,0.0,1,331048.0,2,274399
590,7,2011,2,36916,new delhi,0.0,0.0,1,294199.0,2,240499
591,7,2016,2,32883,chennai,0.0,0.0,2,341036.0,2,287299
592,7,2017,2,11733,chennai,0.0,0.0,1,432901.0,2,358699
593,8,2009,2,72858,new delhi,0.0,0.0,2,,2,165199
594,8,2016,4,51353,new delhi,2.0,,1,1018151.0,2,837999
595,7,2015,2,48615,ghaziabad,0.0,0.0,1,511999.0,2,415299
596,7,2011,2,36084,mumbai,0.0,0.0,2,,2,273899
597,7,2018,4,65207,hyderabad,0.0,0.0,1,813711.0,2,684199
598,7,2011,2,17980,noida,0.0,0.0,1,321788.0,2,270699
599,8,2016,2,33044,hyderabad,0.0,0.0,2,705914.0,2,570599
600,8,2015,2,15440,kolkata,0.0,0.0,1,,2,337199
601,8,2012,2,88747,chennai,0.0,0.0,1,290399.0,2,290299
602,9,2013,2,51650,new delhi,0.0,0.0,1,,2,274099
603,7,2012,1,47356,new delhi,0.0,0.0,1,,2,235199
604,7,2014,2,65487,chennai,0.0,0.0,1,285025.0,2,259099
605,7,2015,4,114221,hyderabad,0.0,0.0,1,,2,478699
606,16,2011,1,121163,mumbai,3.0,,2,357499.0,2,357399
607,8,2009,2,71126,bengaluru,0.0,0.0,2,,2,300499
608,12,2014,4,70965,chennai,0.0,0.0,1,,2,468999
609,7,2015,4,97868,gurgaon,0.0,0.0,1,411935.0,2,381699
610,11,2014,4,59818,gurgaon,2.0,0.0,1,447549.0,2,435899
611,16,2008,2,81426,mumbai,3.0,,3,,2,223599
612,8,2011,2,73867,hyderabad,0.0,0.0,1,343467.0,2,291599
613,8,2017,2,41831,noida,2.0,0.0,1,,1,949799
614,7,2010,1,107892,ahmedabad,0.0,0.0,3,150980.0,2,133199
615,7,2010,2,101633,new delhi,0.0,0.0,2,,2,233999
616,10,2020,2,3282,pune,0.0,0.0,1,,2,499199
617,8,2013,2,190199,bengaluru,1.0,0.0,1,,2,480799
618,8,2010,1,37321,mumbai,0.0,0.0,2,,2,257999
619,8,2019,4,22902,new delhi,0.0,,1,,2,700000
620,6,2016,2,53414,bengaluru,0.0,0.0,1,,2,352399
621,9,2014,2,171211,new delhi,1.0,0.0,1,506895.0,2,405499
622,16,2012,4,170924,noida,2.0,0.0,1,485798.0,2,483299
623,1,2012,2,15914,mumbai,0.0,0.0,1,,2,182799
624,2,2019,2,18090,new delhi,0.0,0.0,1,249081.0,2,248099
625,7,2016,2,56491,gurgaon,0.0,0.0,1,,2,244399
626,9,2008,2,94396,chennai,1.0,0.0,1,,2,299699
627,7,2013,4,63674,new delhi,1.0,0.0,1,,2,350000
628,8,2017,2,19606,new delhi,0.0,0.0,1,620268.0,2,615799
629,7,2016,2,17477,chennai,1.0,0.0,1,549399.0,2,549299
630,9,2017,2,35805,hyderabad,1.0,0.0,2,919830.0,2,758099
631,7,2013,1,115213,mumbai,0.0,0.0,1,,2,279999
632,7,2012,2,43367,bengaluru,0.0,0.0,2,,2,288599
633,6,2018,2,24199,bengaluru,0.0,,1,,2,395399
634,7,2018,2,12409,new delhi,0.0,1.0,1,,2,396999
635,7,2012,2,50282,bengaluru,0.0,0.0,3,,2,274599
636,8,2010,2,95624,hyderabad,0.0,0.0,3,297599.0,2,297499
637,8,2011,2,55421,hyderabad,0.0,0.0,2,,2,274399
638,8,2011,2,82861,chennai,0.0,0.0,1,331899.0,2,329099
639,15,2014,4,88029,mumbai,2.0,0.0,1,,1,700000
640,7,2014,2,35406,bengaluru,0.0,0.0,1,,2,290399
641,7,2012,4,105522,noida,1.0,0.0,1,391390.0,2,326599
642,9,2011,2,56727,mumbai,1.0,0.0,1,342799.0,2,342699
643,8,2010,2,38567,bengaluru,0.0,0.0,1,312399.0,2,312299
644,8,2019,2,7146,mumbai,0.0,,1,853419.0,2,812999
645,8,2014,4,84647,mumbai,1.0,0.0,1,,2,496099
646,7,2013,4,167408,new delhi,2.0,0.0,1,400370.0,2,391899
647,7,2016,2,18251,chennai,0.0,0.0,2,314499.0,2,305599
648,19,2011,2,81190,ahmedabad,3.0,0.0,3,824409.0,2,669799
649,7,2014,2,63051,pune,1.0,0.0,1,389552.0,2,388799
650,7,2014,2,42968,mumbai,1.0,0.0,1,515525.0,2,439399
651,7,2014,2,45043,chennai,0.0,0.0,2,312810.0,2,272399
652,7,2012,2,33186,bengaluru,0.0,0.0,2,272299.0,2,272199
653,9,2012,2,88489,new delhi,1.0,0.0,2,360686.0,2,355799
654,10,2017,2,46394,new delhi,1.0,0.0,1,406259.0,2,393299
655,6,2013,4,89370,gurgaon,1.0,0.0,1,,2,256999
656,7,2016,1,138691,mumbai,2.0,0.0,1,661174.0,2,655599
657,7,2013,4,69448,pune,0.0,0.0,1,408257.0,2,401899
658,7,2019,2,17518,ahmedabad,0.0,0.0,1,614460.0,2,505799
659,1,2011,2,46479,bengaluru,0.0,0.0,1,,2,248699
660,8,2014,2,41556,pune,0.0,0.0,1,,2,429199
661,7,2017,4,23886,new delhi,0.0,0.0,1,,1,550000
662,8,2012,2,70135,bengaluru,0.0,0.0,1,,2,239199
663,8,2013,2,34999,bengaluru,0.0,0.0,1,,2,481899
664,8,2011,2,38721,faridabad,0.0,0.0,1,166375.0,2,145799
665,8,2009,2,88322,hyderabad,0.0,0.0,1,,2,259199
666,8,2017,2,24433,ghaziabad,0.0,,1,446100.0,2,432299
667,6,2016,2,52417,new delhi,0.0,0.0,2,265240.0,2,219899
668,8,2015,2,99951,mumbai,3.0,1.0,1,612099.0,2,607799
669,12,2014,2,74950,mumbai,1.0,0.0,1,,2,430699
670,23,2019,2,6243,chennai,,,1,1203840.0,2,1041510
671,8,2011,2,44007,new delhi,0.0,0.0,1,,2,264999
672,7,2011,4,181733,pune,0.0,0.0,1,,2,374299
673,7,2008,2,72819,bengaluru,0.0,0.0,3,,2,206499
674,7,2013,4,154164,new delhi,1.0,0.0,1,314899.0,2,310299
675,7,2016,4,101529,new delhi,2.0,0.0,1,,2,647999
676,7,2012,2,12377,pune,0.0,0.0,1,,2,220899
677,8,2011,2,68764,hyderabad,0.0,0.0,2,354490.0,2,293099
678,7,2013,2,43859,chennai,1.0,0.0,1,559636.0,2,482099
679,7,2015,1,68611,pune,0.0,0.0,3,,2,344999
680,7,2009,2,87557,new delhi,0.0,0.0,1,,2,232799
681,7,2019,1,50814,ahmedabad,2.0,0.0,1,530537.0,2,444499
682,7,2017,4,76837,noida,1.0,0.0,1,722277.0,2,565699
683,8,2013,2,66517,mumbai,1.0,0.0,2,397199.0,2,397099
684,8,2015,4,76322,pune,0.0,0.0,1,572799.0,2,572699
685,7,2011,2,31715,mumbai,0.0,0.0,2,,2,179399
686,5,2011,2,137729,chennai,1.0,0.0,1,326292.0,2,307199
687,8,2016,2,14540,pune,0.0,0.0,1,,2,575000
688,7,2015,2,52458,new delhi,0.0,1.0,1,354921.0,2,350599
689,7,2018,2,24627,chennai,0.0,0.0,1,728991.0,2,607899
690,11,2010,4,61379,bengaluru,0.0,0.0,1,,2,301199
691,2,2017,2,16389,hyderabad,0.0,0.0,1,,2,303899
692,7,2007,2,59676,faridabad,0.0,0.0,1,143591.0,2,103599
693,8,2015,2,21236,new delhi,0.0,0.0,1,570102.0,2,567499
694,7,2015,2,47506,pune,0.0,0.0,1,357110.0,1,304399
695,8,2013,4,92521,new delhi,1.0,0.0,3,454404.0,2,359199
696,16,2012,4,190416,mumbai,0.0,0.0,1,,2,306599
697,6,2016,2,62730,pune,0.0,0.0,1,,2,303099
698,8,2012,2,36697,mumbai,0.0,0.0,2,,2,389399
699,2,2017,2,26725,bengaluru,0.0,0.0,1,,2,282399
700,8,2011,2,116983,hyderabad,0.0,0.0,2,,2,247999
701,16,2013,4,73361,new delhi,1.0,0.0,1,,2,320000
702,8,2016,2,24665,gurgaon,0.0,0.0,1,443211.0,2,427299
703,7,2017,2,15251,bengaluru,2.0,0.0,1,,2,384799
704,8,2013,2,49259,bengaluru,1.0,0.0,1,,2,584799
705,7,2016,2,34682,bengaluru,0.0,1.0,3,,2,494999
706,6,2016,2,64939,mumbai,0.0,0.0,2,,2,297899
707,6,2013,4,73503,mumbai,2.0,0.0,2,,2,370999
708,6,2014,4,74016,hyderabad,2.0,0.0,2,581531.0,2,507899
709,16,2012,2,85100,new delhi,0.0,0.0,2,296944.0,2,257999
710,8,2009,2,48964,chennai,0.0,0.0,1,289385.0,2,278699
711,15,2015,4,60362,ghaziabad,2.0,0.0,2,1086296.0,2,865399
712,19,2013,4,41294,noida,3.0,0.0,2,1500895.0,2,1445409
713,7,2016,4,48085,bengaluru,2.0,0.0,1,856445.0,2,825999
714,15,2014,4,97537,mumbai,4.0,0.0,2,694899.0,2,694799
715,7,2019,2,14911,pune,2.0,,1,,2,1012119
716,7,2014,1,174675,mumbai,0.0,0.0,1,,2,307999
717,7,2014,2,50599,bengaluru,0.0,0.0,1,323399.0,2,323299
718,12,2010,4,59580,bengaluru,0.0,0.0,1,,2,371299
719,10,2009,2,42165,hyderabad,1.0,0.0,1,,2,143399
720,7,2010,2,137382,new delhi,0.0,0.0,1,,2,117099
721,7,2014,2,37168,mumbai,0.0,0.0,3,,2,214699
722,7,2014,2,91931,new delhi,0.0,0.0,1,399199.0,2,385399
723,22,2015,4,73656,chennai,4.0,1.0,2,1850363.0,2,1646803
724,8,2012,2,66504,pune,0.0,0.0,2,315099.0,2,314999
725,9,2010,2,85037,mumbai,1.0,0.0,1,,2,301999
726,7,2012,2,29425,bengaluru,0.0,0.0,2,313999.0,2,313899
727,7,2014,2,5383,noida,0.0,0.0,1,297210.0,2,285699
728,13,2009,2,67343,new delhi,3.0,0.0,3,,2,300000
729,8,2013,2,58233,new delhi,1.0,0.0,1,,2,439499
730,6,2017,2,49922,mumbai,2.0,1.0,1,,2,661599
731,8,2008,2,43423,bengaluru,0.0,0.0,1,,2,233099
732,8,2011,2,39597,hyderabad,0.0,0.0,2,338499.0,2,338399
733,8,2015,2,35706,noida,0.0,0.0,1,446910.0,2,431999
734,7,2011,2,70996,bengaluru,0.0,0.0,1,318433.0,2,257199
735,16,2016,4,51851,mumbai,2.0,1.0,2,1711500.0,2,1708615
736,7,2013,1,62965,new delhi,0.0,0.0,1,311899.0,2,298599
737,8,2011,2,52311,bengaluru,0.0,0.0,2,314099.0,2,313999
738,7,2009,2,66777,bengaluru,0.0,0.0,3,213265.0,2,209999
739,7,2015,1,6799,mumbai,0.0,0.0,1,,2,378099
740,7,2014,4,155205,hyderabad,1.0,0.0,2,555158.0,2,476299
741,7,2012,4,120777,noida,1.0,0.0,1,393338.0,2,336299
742,7,2017,2,20149,new delhi,1.0,0.0,2,651424.0,2,508499
743,9,2012,2,51808,mumbai,1.0,1.0,2,442762.0,2,411499
744,19,2013,4,88600,ahmedabad,4.0,0.0,2,867045.0,2,719499
745,7,2011,2,66475,mumbai,0.0,0.0,1,,2,241699
746,7,2010,2,37650,lucknow,0.0,0.0,3,,2,232499
747,7,2010,2,135052,bengaluru,0.0,0.0,2,,2,224999
748,8,2011,2,16261,bengaluru,0.0,0.0,1,,2,334199
749,7,2009,2,70988,new delhi,1.0,0.0,1,243499.0,2,240599
750,15,2010,4,104324,faridabad,1.0,0.0,1,,1,90000
751,9,2006,2,53377,lucknow,,,5,,2,100000
752,7,2012,4,164127,gurgaon,0.0,0.0,1,349028.0,2,273199
753,8,2013,2,44854,gurgaon,0.0,0.0,1,,2,213599
754,8,2014,2,65178,noida,0.0,0.0,1,516184.0,2,420099
755,8,2012,4,108532,mumbai,3.0,,1,,2,488599
756,9,2010,2,113701,new delhi,1.0,0.0,1,,2,353199
757,7,2019,2,2576,chennai,0.0,0.0,1,801992.0,2,648899
758,7,2017,1,47637,mumbai,0.0,0.0,1,,2,400299
759,7,2015,2,11366,pune,0.0,,1,,2,329999
760,15,2016,4,34658,bengaluru,2.0,0.0,1,756030.0,1,534599
761,9,2015,2,38614,bengaluru,1.0,0.0,1,870251.0,2,702299
762,8,2009,0,68306,bengaluru,0.0,0.0,1,240999.0,2,239999
763,10,2016,2,83614,ahmedabad,0.0,0.0,1,380217.0,2,321099
764,7,2010,2,115045,chennai,0.0,0.0,1,243899.0,2,230999
765,9,2011,2,73611,mumbai,1.0,0.0,2,,2,317299
766,7,2013,2,36750,gurgaon,0.0,0.0,1,,2,236999
767,9,2010,2,102047,pune,0.0,0.0,1,249712.0,2,231899
768,8,2009,2,102210,bengaluru,0.0,0.0,3,195000.0,1,181399
769,9,2014,4,68279,new delhi,1.0,0.0,1,,2,325000
770,13,2017,4,38359,pune,1.0,1.0,1,845651.0,2,826299
771,7,2018,1,57877,ahmedabad,0.0,0.0,1,486131.0,2,391699
772,16,2011,2,106451,mumbai,1.0,0.0,2,,2,200000
773,2,2015,2,63585,pune,0.0,0.0,1,224992.0,2,224499
774,7,2011,2,29879,bengaluru,0.0,0.0,2,275950.0,2,223999
775,7,2018,2,32446,ghaziabad,0.0,0.0,1,445790.0,2,358899
776,7,2017,2,8480,mumbai,0.0,1.0,1,575120.0,2,555699
777,13,2014,2,83429,bengaluru,1.0,1.0,1,,2,505999
778,8,2013,2,45714,mumbai,0.0,0.0,1,,2,328599
779,8,2013,4,81344,gurgaon,0.0,0.0,2,310105.0,1,285199
780,7,2015,1,148319,mumbai,2.0,0.0,1,550499.0,2,548299
781,7,2017,2,8865,bengaluru,0.0,0.0,1,,2,480000
782,7,2015,1,207086,ghaziabad,0.0,0.0,2,,2,247799
783,8,2013,2,60133,chennai,0.0,0.0,2,415594.0,2,360699
784,9,2010,2,98807,bengaluru,1.0,1.0,3,,2,388199
785,7,2012,1,41964,mumbai,0.0,0.0,2,,2,259499
786,9,2010,2,122773,new delhi,1.0,0.0,1,324364.0,2,263899
787,15,2012,4,163110,pune,4.0,0.0,1,539703.0,2,531599
788,8,2010,2,124364,new delhi,0.0,0.0,1,,2,130000
789,8,2012,4,67818,noida,1.0,0.0,1,,2,358099
790,8,2013,2,53063,mumbai,0.0,0.0,2,208599.0,2,208499
791,2,2018,2,1676,pune,0.0,0.0,1,248703.0,2,243099
792,7,2016,2,53647,mumbai,1.0,0.0,1,,2,572999
793,8,2015,2,48590,mumbai,0.0,0.0,1,,2,374499
794,7,2016,2,23105,noida,0.0,0.0,1,305121.0,2,224399
795,7,2011,2,97812,mumbai,0.0,0.0,1,,2,262399
796,12,2011,2,152770,mumbai,1.0,0.0,3,,2,245599
797,8,2011,2,93562,hyderabad,0.0,0.0,2,,2,294399
798,7,2014,2,21725,bengaluru,0.0,0.0,1,,2,284399
799,5,2011,4,105520,chennai,0.0,0.0,1,284545.0,2,259099
800,15,2016,2,21041,noida,2.0,0.0,1,,2,313099
801,9,2010,2,27657,mumbai,1.0,0.0,1,317599.0,2,317499
802,8,2015,4,20971,bengaluru,0.0,0.0,1,688542.0,2,678399
803,8,2012,2,91465,pune,0.0,0.0,1,311899.0,2,298099
804,7,2013,2,54361,pune,0.0,0.0,2,249099.0,2,248999
805,7,2014,2,56002,mumbai,1.0,0.0,1,,2,472699
806,8,2011,2,5044,bengaluru,0.0,0.0,1,,2,357399
807,8,2014,2,110017,noida,0.0,0.0,1,403217.0,2,323499
808,8,2012,2,43847,mumbai,0.0,0.0,3,210799.0,2,210699
809,9,2018,2,12824,bengaluru,1.0,0.0,1,702557.0,2,681899
810,8,2014,1,94746,ahmedabad,0.0,0.0,1,303979.0,2,285899
811,13,2011,4,154355,bengaluru,1.0,0.0,1,,2,374499
812,8,2010,2,111674,new delhi,0.0,0.0,1,190882.0,2,176099
813,12,2013,4,81479,mumbai,1.0,0.0,2,,2,420299
814,15,2016,2,27265,chennai,2.0,0.0,1,411090.0,2,369999
815,8,2015,2,56019,bengaluru,0.0,0.0,2,458560.0,2,447599
816,8,2019,2,9130,new delhi,2.0,0.0,1,1104659.0,2,900799
817,7,2017,2,12889,pune,0.0,0.0,1,436500.0,2,432099
818,8,2013,2,113370,mumbai,0.0,0.0,1,,2,345299
819,8,2013,2,120438,bengaluru,0.0,0.0,1,,2,373599
820,8,2016,2,49323,mumbai,1.0,0.0,1,,1,700000
821,7,2012,2,98462,mumbai,0.0,0.0,1,277898.0,2,238799
822,8,2017,2,10302,mumbai,0.0,0.0,1,618949.0,2,618199
823,7,2013,1,96602,pune,0.0,0.0,4,,2,329499
824,9,2017,2,10143,ahmedabad,1.0,0.0,1,,2,550000
825,7,2013,2,75842,mumbai,0.0,0.0,2,322710.0,1,238599
826,7,2016,4,169374,chennai,2.0,0.0,1,765495.0,2,703899
827,8,2015,2,58585,new delhi,2.0,0.0,1,915922.0,2,732299
828,6,2016,2,30632,bengaluru,0.0,0.0,1,346599.0,2,346499
829,7,2012,2,41547,mumbai,2.0,0.0,1,,2,476999
830,7,2017,4,76217,new delhi,0.0,0.0,2,588077.0,2,582299
831,8,2011,2,30746,gurgaon,0.0,0.0,1,,2,251099
832,7,2012,2,21852,mumbai,0.0,0.0,1,,2,302099
833,7,2016,4,43399,mumbai,2.0,0.0,1,769825.0,2,761399
834,7,2016,1,57923,new delhi,0.0,0.0,1,238882.0,2,237199
835,8,2013,2,100679,ahmedabad,0.0,0.0,1,311668.0,2,246499
836,7,2014,1,39571,new delhi,0.0,0.0,1,397697.0,2,376099
837,7,2012,4,82585,new delhi,0.0,0.0,1,309799.0,2,302399
838,8,2011,2,80612,mumbai,0.0,0.0,2,251899.0,2,251799
839,8,2015,2,23973,ahmedabad,0.0,0.0,1,657598.0,2,559399
840,19,2008,4,83474,new delhi,3.0,,2,,2,200000
841,8,2019,2,13427,lucknow,,,1,608546.0,2,500199
842,8,2014,2,29661,bengaluru,0.0,0.0,1,,2,291899
843,22,2016,4,68290,mumbai,4.0,1.0,1,,2,2750000
844,7,2012,2,61782,new delhi,0.0,0.0,2,,2,300000
845,8,2013,2,85110,new delhi,0.0,0.0,1,,2,341799
846,8,2016,4,88378,new delhi,0.0,0.0,1,651748.0,2,508499
847,8,2017,2,21830,hyderabad,0.0,,1,701766.0,2,574799
848,8,2009,2,97719,bengaluru,0.0,0.0,3,283090.0,2,228299
849,9,2010,2,66894,bengaluru,1.0,1.0,3,424920.0,2,423899
850,12,2015,4,96631,pune,1.0,1.0,1,1078699.0,2,1052216
851,15,2015,4,119932,mumbai,4.0,0.0,2,853387.0,2,733899
852,15,2014,4,78542,pune,2.0,0.0,1,,2,420000
853,6,2013,4,120039,ghaziabad,2.0,0.0,1,,2,331799
854,15,2014,4,24847,ghaziabad,2.0,0.0,1,1032780.0,2,880799
855,8,2010,2,43890,bengaluru,0.0,0.0,2,,2,322399
856,7,2013,4,108631,hyderabad,1.0,0.0,2,,2,471799
857,10,2019,2,43346,chennai,0.0,0.0,1,529620.0,2,453399
858,8,2011,2,95082,ahmedabad,0.0,0.0,1,278933.0,2,252799
859,7,2017,1,73340,pune,2.0,0.0,1,,2,612000
860,9,2017,4,31874,new delhi,2.0,0.0,1,,2,714199
861,8,2013,4,49718,new delhi,1.0,0.0,1,492532.0,2,397499
862,16,2011,2,13579,bengaluru,1.0,0.0,1,,2,402399
863,7,2016,1,48003,mumbai,0.0,0.0,1,359503.0,2,347699
864,13,2015,4,78966,bengaluru,1.0,0.0,3,459100.0,2,457099
865,8,2010,0,44077,hyderabad,0.0,0.0,1,,2,263599
866,8,2017,2,17713,hyderabad,2.0,0.0,1,1205890.0,2,987199
867,8,2010,2,75640,new delhi,0.0,0.0,2,259799.0,2,256099
868,7,2018,2,14695,bengaluru,0.0,0.0,1,623420.0,2,607399
869,9,2016,2,24434,ahmedabad,1.0,0.0,1,596151.0,2,504699
870,7,2018,2,31895,bengaluru,2.0,0.0,1,,2,430999
871,8,2009,2,71417,ahmedabad,0.0,0.0,2,,2,215899
872,7,2010,2,67593,mumbai,0.0,0.0,1,,2,184799
873,8,2011,2,38857,bengaluru,0.0,0.0,1,371299.0,2,371199
874,8,2014,2,51261,mumbai,0.0,0.0,1,,2,499000
875,8,2014,2,13068,mumbai,0.0,0.0,1,,2,386099
876,8,2013,2,74457,chennai,0.0,0.0,2,400560.0,2,386299
877,6,2015,4,171979,mumbai,2.0,0.0,1,475499.0,2,475399
878,19,2013,4,52110,gurgaon,3.0,0.0,1,,2,1352489
879,8,2017,2,10172,pune,0.0,0.0,1,573450.0,2,460999
880,7,2012,1,104227,mumbai,0.0,0.0,1,275699.0,2,275599
881,8,2015,4,47644,new delhi,0.0,0.0,1,612847.0,2,491399
882,6,2012,4,115024,bengaluru,2.0,0.0,2,,2,484199
883,16,2011,4,130494,bengaluru,1.0,0.0,1,,2,380299
884,16,2010,4,205948,pune,2.0,0.0,2,,2,530699
885,7,2009,2,39622,pune,0.0,0.0,1,,2,164499
886,12,2012,2,38023,pune,0.0,0.0,1,322799.0,2,322699
887,9,2015,2,59851,noida,1.0,0.0,1,568404.0,2,559599
888,24,2019,2,83351,gurgaon,,,1,1784772.0,2,1477426
889,9,2016,2,14173,pune,2.0,0.0,1,691222.0,2,676899
890,12,2015,2,84079,pune,0.0,0.0,1,,2,474999
891,15,2012,4,87063,new delhi,2.0,0.0,1,,1,390000
892,10,2016,2,43387,new delhi,0.0,0.0,1,,2,329199
893,15,2017,4,32394,mumbai,2.0,0.0,1,789806.0,2,705499
894,7,2014,2,43981,ahmedabad,0.0,0.0,1,341956.0,2,291699
895,8,2011,2,88720,hyderabad,0.0,0.0,1,286805.0,2,261699
896,7,2018,2,50364,bengaluru,0.0,0.0,1,735957.0,2,589399
897,18,2016,4,25485,new delhi,4.0,1.0,2,,2,1818604
898,8,2019,2,8746,bengaluru,0.0,,1,651099.0,2,650999
899,7,2012,2,126375,gurgaon,0.0,0.0,2,,2,202099
900,8,2014,4,186575,noida,1.0,0.0,3,,2,400599
901,7,2016,2,8545,chennai,0.0,,1,430185.0,2,361299
902,8,2014,1,78930,faridabad,0.0,0.0,2,,2,431399
903,7,2016,2,23199,chennai,0.0,,1,384599.0,2,376499
904,15,2012,4,59608,new delhi,4.0,0.0,1,533928.0,1,438099
905,7,2016,4,59802,pune,2.0,0.0,1,823167.0,2,788499
906,8,2014,2,138853,new delhi,0.0,0.0,1,,2,322499
907,8,2015,2,41701,bengaluru,0.0,0.0,1,,2,516000
908,8,2016,2,39768,bengaluru,0.0,0.0,1,,2,650799
909,12,2014,2,49253,mumbai,0.0,1.0,1,,2,517299
910,16,2017,4,81861,mumbai,4.0,1.0,1,2706469.0,2,2571559
911,19,2017,4,10579,gurgaon,3.0,0.0,1,,2,3250000
912,2,2016,2,32405,hyderabad,0.0,0.0,1,350873.0,2,300399
913,7,2008,2,77123,pune,0.0,0.0,2,,2,138299
914,7,2015,2,60900,bengaluru,1.0,0.0,1,,2,620299
915,7,2016,2,60068,chennai,0.0,0.0,1,566899.0,2,556199
916,7,2015,2,12657,mumbai,0.0,0.0,1,,2,293899
917,7,2013,4,83315,new delhi,1.0,0.0,1,,2,372199
918,8,2010,2,38182,mumbai,0.0,0.0,1,,2,259399
919,5,2016,2,63814,bengaluru,0.0,0.0,1,,2,404399
920,15,2016,4,69884,faridabad,2.0,0.0,1,508699.0,2,504299
921,7,2009,2,35094,pune,0.0,0.0,1,,2,156599
922,7,2017,1,111095,new delhi,2.0,0.0,1,,2,297299
923,8,2015,4,97803,mumbai,2.0,1.0,1,922413.0,2,888899
924,16,2011,4,100743,new delhi,1.0,0.0,1,301799.0,2,231699
925,7,2012,2,50014,mumbai,0.0,0.0,1,255299.0,2,255199
926,7,2013,1,99985,noida,0.0,0.0,1,230620.0,2,201799
927,11,2011,2,97608,pune,0.0,0.0,2,,2,181899
928,7,2011,2,63165,hyderabad,0.0,0.0,1,,2,320599
929,7,2019,4,39681,new delhi,2.0,0.0,1,808005.0,2,771599
930,8,2018,2,21074,bengaluru,0.0,0.0,1,566500.0,2,562399
931,1,2013,2,28778,mumbai,0.0,0.0,1,,2,180899
932,11,2012,4,60930,faridabad,0.0,0.0,1,249046.0,2,216199
933,23,2019,2,5348,mumbai,,,1,,2,1734168
934,8,2015,4,86573,bengaluru,2.0,,1,957596.0,2,934599
935,16,2013,4,60472,bengaluru,1.0,0.0,2,,2,492099
936,11,2018,4,71483,hyderabad,2.0,0.0,1,799699.0,2,797399
937,8,2014,4,84023,ghaziabad,1.0,0.0,1,611095.0,2,491399
938,7,2018,1,10312,mumbai,2.0,0.0,1,,2,775000
939,7,2014,2,32555,new delhi,0.0,0.0,1,407990.0,2,397899
940,8,2015,2,30511,ahmedabad,0.0,0.0,1,390908.0,2,316699
941,11,2010,4,116520,bengaluru,0.0,0.0,2,,2,251099
942,8,2017,2,30373,new delhi,0.0,0.0,1,445745.0,2,425699
943,1,2015,4,57445,mumbai,0.0,0.0,2,,2,199799
944,7,2010,2,51536,chennai,2.0,0.0,3,,2,232199
945,10,2016,2,14330,bengaluru,0.0,1.0,3,,2,205899
946,7,2010,2,42016,new delhi,0.0,0.0,1,179370.0,2,133199
947,7,2011,2,43511,bengaluru,0.0,0.0,3,,2,252699
948,7,2013,2,57033,chennai,0.0,0.0,1,376751.0,2,323699
949,8,2012,2,24076,mumbai,0.0,0.0,1,244899.0,2,244799
950,7,2017,4,69848,ghaziabad,1.0,0.0,1,633653.0,2,615099
951,10,2016,2,39149,new delhi,0.0,0.0,1,,2,341599
952,7,2010,2,58745,pune,2.0,0.0,2,,2,222999
953,7,2009,2,75433,gurgaon,0.0,0.0,1,,2,203099
954,8,2013,2,50603,pune,0.0,0.0,1,,2,231299
955,7,2013,4,53065,mumbai,1.0,0.0,1,,2,407799
956,7,2014,4,46586,bengaluru,1.0,0.0,2,,2,605099
957,7,2016,1,37772,mumbai,0.0,0.0,1,428218.0,2,426399
958,7,2014,2,24316,new delhi,0.0,,2,,2,274399
959,6,2016,2,44582,mumbai,0.0,0.0,2,273693.0,2,237499
960,7,2017,2,83043,mumbai,1.0,1.0,1,,2,630899
961,8,2011,2,65816,hyderabad,0.0,1.0,2,,2,354199
962,8,2017,2,35926,hyderabad,0.0,0.0,1,,2,332999
963,7,2019,2,12889,chennai,0.0,0.0,1,582699.0,2,582599
964,8,2014,4,74024,pune,1.0,0.0,2,481076.0,2,456999
965,7,2016,2,48541,gurgaon,0.0,,1,563683.0,2,533599
966,9,2012,2,81212,new delhi,1.0,1.0,2,423062.0,2,325799
967,7,2014,4,87125,bengaluru,1.0,0.0,2,583980.0,2,493599
968,12,2011,2,61129,new delhi,0.0,0.0,2,,2,217299
969,7,2014,4,40375,chennai,0.0,0.0,1,500870.0,2,443599
970,6,2018,2,3517,pune,0.0,1.0,1,427444.0,2,422099
971,7,2015,2,65380,ahmedabad,0.0,0.0,1,538538.0,2,441799
972,8,2019,2,7857,lucknow,2.0,,1,1040187.0,2,1031006
973,7,2014,2,88009,mumbai,1.0,0.0,1,416899.0,2,416599
974,12,2012,4,149569,ghaziabad,0.0,0.0,1,,2,238699
975,7,2017,2,31152,mumbai,0.0,1.0,1,580680.0,2,526899
976,8,2013,4,81363,chennai,0.0,0.0,2,435660.0,2,387199
977,7,2017,2,61838,noida,1.0,0.0,1,788111.0,2,603699
978,7,2017,2,163124,bengaluru,0.0,0.0,1,,2,389899
979,8,2014,1,75691,pune,0.0,0.0,1,,2,377199
980,10,2016,4,61903,chennai,1.0,,1,,2,397999
981,13,2012,2,53525,mumbai,1.0,0.0,2,,2,293599
982,8,2015,4,72206,new delhi,1.0,0.0,2,,1,550000
983,7,2019,1,27346,ahmedabad,2.0,0.0,1,545918.0,2,449199
984,16,2011,4,190068,mumbai,4.0,0.0,2,829599.0,2,829399
985,13,2012,4,182075,new delhi,1.0,0.0,1,310168.0,2,258499
986,7,2018,2,26202,bengaluru,0.0,0.0,1,,2,624999
987,7,2017,2,24104,hyderabad,0.0,0.0,1,652039.0,2,535399
988,7,2017,2,18913,gurgaon,0.0,0.0,2,313187.0,2,294299
989,7,2010,2,66102,new delhi,0.0,0.0,1,,2,150000
990,7,2012,2,40091,mumbai,0.0,0.0,1,,2,310599
991,7,2010,2,40225,bengaluru,0.0,0.0,2,,2,213599
992,7,2015,2,32821,ahmedabad,0.0,0.0,1,294470.0,2,232199
993,7,2010,2,40666,new delhi,0.0,0.0,1,234300.0,2,189699
994,12,2012,2,88973,new delhi,1.0,0.0,2,564246.0,2,448699
995,7,2002,0,77323,ahmedabad,0.0,0.0,2,,2,35000
996,9,2018,4,53486,ghaziabad,1.0,,1,787750.0,2,604299
997,7,2018,2,8854,chennai,0.0,0.0,1,,2,562599
998,9,2015,2,46300,pune,1.0,0.0,1,,2,400499
999,7,2016,2,27245,new delhi,0.0,0.0,1,369885.0,2,284099
